,Iteration,Time,Fitness,Population Size,Mutation Rate,max_iters
0,0,0.0031244489999999736,6.0,100,0.05,300
1,1,0.014651165000000077,2.0,100,0.05,300
2,2,0.021785176000000073,2.0,100,0.05,300
3,3,0.029722757999999905,1.0,100,0.05,300
4,4,0.03729689799999991,1.0,100,0.05,300
5,5,0.04415862700000006,1.0,100,0.05,300
6,6,0.051412996000000044,1.0,100,0.05,300
7,7,0.05935682099999995,0.0,100,0.05,300
