,Iteration,Time,Fitness,Population Size,Mutation Rate,max_iters
0,0,0.006978725999999824,3.0,200,0.3,32768
1,1,0.027121907999999806,0.0,200,0.3,32768
