,Iteration,Time,Fitness,use_fast_mimic,Population Size,Keep Percent,max_iters
0,0,0.005477959000000032,6.0,True,200,0.3,30
1,1,0.01976679300000006,1.0,True,200,0.3,30
2,2,0.03493533400000004,1.0,True,200,0.3,30
3,3,0.04989557899999997,0.0,True,200,0.3,30
