,Iteration,Fitness,Time,State,use_fast_mimic,Population Size,Keep Percent,max_iters
0,0,13130.134083610645,0.02585046800000157,"[28, 11, 10, 41, 2, 27, 38, 31, 22, 4, 33, 35, 26, 34, 18, 7, 14, 45, 48, 29, 15, 30, 32, 16, 42, 20, 43, 8, 13, 25, 5, 17, 40, 49, 1, 12, 37, 24, 6, 23, 36, 21, 19, 9, 39, 46, 3, 0, 47, 44]",True,200,0.1,50
1,1,10963.071427314862,0.8956034420000023,"[12, 3, 32, 18, 5, 4, 36, 45, 24, 48, 14, 43, 47, 33, 0, 23, 26, 35, 42, 20, 28, 30, 44, 11, 9, 38, 1, 8, 22, 41, 25, 27, 21, 34, 17, 31, 37, 39, 49, 10, 2, 15, 40, 6, 16, 7, 19, 46, 13, 29]",True,200,0.1,50
2,5,10963.071427314862,6.595772799999999,"[12, 3, 32, 18, 5, 4, 36, 45, 24, 48, 14, 43, 47, 33, 0, 23, 26, 35, 42, 20, 28, 30, 44, 11, 9, 38, 1, 8, 22, 41, 25, 27, 21, 34, 17, 31, 37, 39, 49, 10, 2, 15, 40, 6, 16, 7, 19, 46, 13, 29]",True,200,0.1,50
3,10,10963.071427314862,15.676149381999998,"[12, 3, 32, 18, 5, 4, 36, 45, 24, 48, 14, 43, 47, 33, 0, 23, 26, 35, 42, 20, 28, 30, 44, 11, 9, 38, 1, 8, 22, 41, 25, 27, 21, 34, 17, 31, 37, 39, 49, 10, 2, 15, 40, 6, 16, 7, 19, 46, 13, 29]",True,200,0.1,50
4,20,10963.071427314862,33.59164779499999,"[12, 3, 32, 18, 5, 4, 36, 45, 24, 48, 14, 43, 47, 33, 0, 23, 26, 35, 42, 20, 28, 30, 44, 11, 9, 38, 1, 8, 22, 41, 25, 27, 21, 34, 17, 31, 37, 39, 49, 10, 2, 15, 40, 6, 16, 7, 19, 46, 13, 29]",True,200,0.1,50
5,30,10963.071427314862,51.303921888,"[12, 3, 32, 18, 5, 4, 36, 45, 24, 48, 14, 43, 47, 33, 0, 23, 26, 35, 42, 20, 28, 30, 44, 11, 9, 38, 1, 8, 22, 41, 25, 27, 21, 34, 17, 31, 37, 39, 49, 10, 2, 15, 40, 6, 16, 7, 19, 46, 13, 29]",True,200,0.1,50
6,50,10963.071427314862,86.235378774,"[12, 3, 32, 18, 5, 4, 36, 45, 24, 48, 14, 43, 47, 33, 0, 23, 26, 35, 42, 20, 28, 30, 44, 11, 9, 38, 1, 8, 22, 41, 25, 27, 21, 34, 17, 31, 37, 39, 49, 10, 2, 15, 40, 6, 16, 7, 19, 46, 13, 29]",True,200,0.1,50
