,Iteration,Fitness,Time,State,use_fast_mimic,Population Size,Keep Percent,max_iters
0,0,7247.8771106265995,0.013105847000000281,"[2, 28, 13, 10, 26, 24, 27, 11, 17, 22, 5, 16, 8, 14, 23, 20, 1, 29, 6, 4, 18, 19, 9, 7, 25, 3, 0, 21, 15, 12]",True,200,0.1,50
1,1,5805.209818498448,0.3623500909999997,"[7, 20, 9, 17, 28, 26, 3, 8, 19, 4, 2, 13, 0, 24, 16, 14, 10, 25, 15, 18, 11, 27, 1, 21, 12, 22, 29, 5, 6, 23]",True,200,0.1,50
2,5,5444.529567954159,1.7054213889999996,"[15, 5, 28, 10, 12, 11, 18, 19, 17, 6, 2, 13, 9, 20, 25, 14, 0, 8, 1, 21, 29, 16, 26, 24, 27, 22, 23, 7, 3, 4]",True,200,0.1,50
3,10,5444.529567954159,3.958001567,"[15, 5, 28, 10, 12, 11, 18, 19, 17, 6, 2, 13, 9, 20, 25, 14, 0, 8, 1, 21, 29, 16, 26, 24, 27, 22, 23, 7, 3, 4]",True,200,0.1,50
4,20,5444.529567954159,8.63930167,"[15, 5, 28, 10, 12, 11, 18, 19, 17, 6, 2, 13, 9, 20, 25, 14, 0, 8, 1, 21, 29, 16, 26, 24, 27, 22, 23, 7, 3, 4]",True,200,0.1,50
5,30,5444.529567954159,13.351022939000002,"[15, 5, 28, 10, 12, 11, 18, 19, 17, 6, 2, 13, 9, 20, 25, 14, 0, 8, 1, 21, 29, 16, 26, 24, 27, 22, 23, 7, 3, 4]",True,200,0.1,50
6,50,5444.529567954159,22.817457043000005,"[15, 5, 28, 10, 12, 11, 18, 19, 17, 6, 2, 13, 9, 20, 25, 14, 0, 8, 1, 21, 29, 16, 26, 24, 27, 22, 23, 7, 3, 4]",True,200,0.1,50
