,Iteration,Fitness,Time,State,use_fast_mimic,Population Size,Keep Percent,max_iters
0,0,2385.008139095197,0.008429221000000098,"[2, 8, 4, 9, 1, 6, 7, 3, 0, 5]",True,200,0.1,50
1,1,1434.2105549932428,0.11273785400000014,"[6, 3, 4, 9, 0, 8, 1, 2, 5, 7]",True,200,0.1,50
2,5,1434.2105549932428,0.5108034600000002,"[6, 3, 4, 9, 0, 8, 1, 2, 5, 7]",True,200,0.1,50
3,10,1434.2105549932428,1.012644149,"[6, 3, 4, 9, 0, 8, 1, 2, 5, 7]",True,200,0.1,50
4,20,1434.2105549932428,2.021143069,"[6, 3, 4, 9, 0, 8, 1, 2, 5, 7]",True,200,0.1,50
5,30,1434.2105549932428,3.121253147,"[6, 3, 4, 9, 0, 8, 1, 2, 5, 7]",True,200,0.1,50
6,50,1434.2105549932428,5.078228659,"[6, 3, 4, 9, 0, 8, 1, 2, 5, 7]",True,200,0.1,50
